"","Metabolite","VIP"
"2","Ornithine",1.84714615762073
"3","Arginine",1.844744469765
"4","4-Guanidinobutanoic acid",1.83132720523777
"6","NADPH (SIM)",1.81882633467857
"7","Homoarginine",1.76864902503875
"10","Homocitrulline",1.71161001056064
"11","Itaconic acid",1.65270425819036
"12","NG-dimethyl-L-arginine",1.65029028151754
